"url","Player","Team","G","FantasyPts","FantasyPtsPerG","Rec","Rec_Yds","Rec_Td","Rec_Avg","Rec_20+","Rec_40+","Rec_Target","Rec_%_of_Tm_Targets","Rec_Yds_per_Target","Rec_Tar_Rz_In_20","Rec_Tar_Rz_In_10","Rec_Tar_Rz_In_5","Rec_Tar_Rz_%_of_Team","Rush_Att","Rush_Yds","Rush_Td","Rush_Avg","Rush_Rz_In_20","Rush_Rz_In_10","Rush_Rz_In_5","Rush_Rz_Percent_of_Team"
"https://www.rotowire.com/football/redzonestats.htm?pos=WR&season=2016&range=Year&games=1&tar=0&rush=0","Nelson Jordy","GB","16","209.7","13.1","97","1257","14","13.0","19","4","152","22.4","8.3","32","15","9","27.1","0","0","0","0.0","0","0","0","0.0"
"https://www.rotowire.com/football/redzonestats.htm?pos=WR&season=2016&range=Year&games=1&tar=0&rush=0","Evans Mike","TB","16","204.1","12.8","96","1321","12","13.8","15","1","173","29.7","7.6","19","9","6","26.4","0","0","0","0.0","0","0","0","0.0"
"https://www.rotowire.com/football/redzonestats.htm?pos=WR&season=2016&range=Year&games=1&tar=0&rush=0","Brown Antonio","PIT","15","201.3","13.4","106","1284","12","12.1","22","3","154","26.4","8.3","15","7","5","20.0","3","9","0","3.0","0","0","0","0.0"
"https://www.rotowire.com/football/redzonestats.htm?pos=WR&season=2016&range=Year&games=1&tar=0&rush=0","Beckham Odell","NYG","16","197.6","12.4","101","1367","10","13.5","20","6","169","27.4","8.1","23","10","7","29.1","1","9","0","9.0","0","0","0","0.0"
"https://www.rotowire.com/football/redzonestats.htm?pos=WR&season=2016&range=Year&games=1&tar=0&rush=0","Hilton T.Y.","IND","16","180.8","11.3","91","1448","6","15.9","28","2","155","24.6","9.3","14","8","5","19.7","0","0","0","0.0","0","0","0","0.0"
"https://www.rotowire.com/football/redzonestats.htm?pos=WR&season=2016&range=Year&games=1&tar=0&rush=0","Jones Julio","ATL","14","176.9","12.6","83","1409","6","17.0","27","5","129","26.8","10.9","10","6","5","12.0","0","0","0","0.0","0","0","0","0.0"
"https://www.rotowire.com/football/redzonestats.htm?pos=WR&season=2016&range=Year&games=1&tar=0&rush=0","Adams Davante","GB","16","171.7","10.7","75","997","12","13.3","17","4","121","17.8","8.2","23","10","7","19.5","0","0","0","0.0","0","0","0","0.0"
"https://www.rotowire.com/football/redzonestats.htm?pos=WR&season=2016&range=Year&games=1&tar=0&rush=0","Cooks Brandin","NE","16","168.3","10.5","78","1173","8","15.0","15","6","117","16.3","10.0","11","6","3","10.9","6","30","0","5.0","3","1","0","4.4"
"https://www.rotowire.com/football/redzonestats.htm?pos=WR&season=2016&range=Year&games=1&tar=0&rush=0","Thomas Michael","NO","15","167.7","11.2","92","1137","9","12.4","18","1","121","18.6","9.4","19","11","7","20.0","0","0","0","0.0","0","0","0","0.0"
"https://www.rotowire.com/football/redzonestats.htm?pos=WR&season=2016&range=Year&games=1&tar=0&rush=0","Baldwin Doug","SEA","16","159.8","10.0","94","1128","7","12.0","16","5","125","24.5","9.0","16","7","3","22.9","3","2","0","0.7","1","0","0","1.8"
"https://www.rotowire.com/football/redzonestats.htm?pos=WR&season=2016&range=Year&games=1&tar=0&rush=0","Matthews Rishard","TEN","16","148.5","9.3","65","945","9","14.5","16","4","108","25.1","8.8","15","7","5","22.7","0","0","0","0.0","0","0","0","0.0"
"https://www.rotowire.com/football/redzonestats.htm?pos=WR&season=2016&range=Year&games=1&tar=0&rush=0","Crabtree Michael","OAK","16","148.3","9.3","89","1003","8","11.3","10","3","145","23.5","6.9","21","7","5","23.1","0","0","0","0.0","0","0","0","0.0"
"https://www.rotowire.com/football/redzonestats.htm?pos=WR&season=2016&range=Year&games=1&tar=0&rush=0","Williams Tyrell","LAC","16","147.9","9.2","69","1059","7","15.3","20","6","119","22.0","8.9","17","10","6","20.7","0","0","0","0.0","0","0","0","0.0"
"https://www.rotowire.com/football/redzonestats.htm?pos=WR&season=2016&range=Year&games=1&tar=0&rush=0","Cooper Amari","OAK","16","145.3","9.1","83","1153","5","13.9","21","2","132","21.4","8.7","13","7","6","14.3","1","0","0","0.0","0","0","0","0.0"
"https://www.rotowire.com/football/redzonestats.htm?pos=WR&season=2016&range=Year&games=1&tar=0&rush=0","Hill Tyreek","KC","16","140.0","8.8","61","593","6","9.7","8","2","83","17.2","7.1","15","7","2","19.0","24","267","3","11.1","4","1","1","6.2"
"https://www.rotowire.com/football/redzonestats.htm?pos=WR&season=2016&range=Year&games=1&tar=0&rush=0","Landry Jarvis","MIA","16","139.3","8.7","94","1136","4","12.1","16","3","131","28.2","8.7","9","4","0","17.3","5","17","0","3.4","0","0","0","0.0"
"https://www.rotowire.com/football/redzonestats.htm?pos=WR&season=2016&range=Year&games=1&tar=0&rush=0","Fitzgerald Larry","ARZ","16","138.8","8.7","107","1023","6","9.6","8","0","150","27.2","6.8","20","12","9","30.3","2","5","0","2.5","0","0","0","0.0"
"https://www.rotowire.com/football/redzonestats.htm?pos=WR&season=2016&range=Year&games=1&tar=0&rush=0","Thomas Demaryius","DEN","16","138.3","8.6","90","1083","5","12.0","10","3","144","27.6","7.5","21","11","8","30.9","0","0","0","0.0","0","0","0","0.0"
"https://www.rotowire.com/football/redzonestats.htm?pos=WR&season=2016&range=Year&games=1&tar=0&rush=0","Benjamin Kelvin","CAR","16","136.1","8.5","63","941","7","14.9","10","3","118","25.2","8.0","15","6","3","23.4","0","0","0","0.0","0","0","0","0.0"
"https://www.rotowire.com/football/redzonestats.htm?pos=WR&season=2016&range=Year&games=1&tar=0&rush=0","Pryor Terrelle","WAS","16","134.9","8.4","77","1007","4","13.1","11","4","140","23.6","7.2","13","4","1","16.9","8","21","1","2.6","1","1","1","1.4"
"https://www.rotowire.com/football/redzonestats.htm?pos=WR&season=2016&range=Year&games=1&tar=0&rush=0","Edelman Julian","NE","16","134.3","8.4","98","1106","3","11.3","11","1","159","22.2","7.0","15","9","5","14.9","12","57","0","4.8","2","1","0","2.9"
"https://www.rotowire.com/football/redzonestats.htm?pos=WR&season=2016&range=Year&games=1&tar=0&rush=0","Sanders Emmanuel","DEN","16","133.6","8.4","79","1032","5","13.1","12","2","137","26.2","7.5","22","11","7","32.4","1","4","0","4.0","0","0","0","0.0"
"https://www.rotowire.com/football/redzonestats.htm?pos=WR&season=2016&range=Year&games=1&tar=0&rush=0","Bryant Dez","DAL","13","132.1","10.2","50","796","8","15.9","10","3","96","21.4","8.3","13","7","4","22.8","0","0","0","0.0","0","0","0","0.0"
"https://www.rotowire.com/football/redzonestats.htm?pos=WR&season=2016&range=Year&games=1&tar=0&rush=0","Tate Golden","DET","16","132.1","8.3","91","1077","4","11.8","13","4","135","26.3","8.0","18","6","3","26.9","10","4","0","0.4","2","0","0","2.6"
"https://www.rotowire.com/football/redzonestats.htm?pos=WR&season=2016&range=Year&games=1&tar=0&rush=0","Britt Kenny","CLE","15","130.2","8.7","68","1002","5","14.7","15","4","111","27.3","9.0","11","8","3","28.2","0","0","0","0.0","0","0","0","0.0"
"https://www.rotowire.com/football/redzonestats.htm?pos=WR&season=2016&range=Year&games=1&tar=0&rush=0","Wallace Mike","BAL","16","128.8","8.1","72","1017","4","14.1","10","5","117","28.3","8.7","9","3","1","18.8","5","31","0","6.2","0","0","0","0.0"
"https://www.rotowire.com/football/redzonestats.htm?pos=WR&season=2016&range=Year&games=1&tar=0&rush=0","Thielen Adam","MIN","16","128.2","8.0","69","967","5","14.0","16","2","92","15.2","10.5","10","5","2","11.2","2","15","0","7.5","1","0","0","1.4"
"https://www.rotowire.com/football/redzonestats.htm?pos=WR&season=2016&range=Year&games=1&tar=0&rush=0","Stills Kenny","MIA","16","126.6","7.9","42","726","9","17.3","10","4","81","17.4","9.0","6","2","0","11.5","0","0","0","0.0","0","0","0","0.0"
"https://www.rotowire.com/football/redzonestats.htm?pos=WR&season=2016&range=Year&games=1&tar=0&rush=0","Crowder Jamison","WAS","16","126.5","7.9","67","847","7","12.6","11","3","99","16.7","8.6","17","7","5","22.1","2","-2","0","-1.0","0","0","0","0.0"
"https://www.rotowire.com/football/redzonestats.htm?pos=WR&season=2016&range=Year&games=1&tar=0&rush=0","Jackson DeSean","TB","15","124.5","8.3","56","1005","4","17.9","19","5","100","17.2","10.1","11","5","3","15.3","0","0","0","0.0","0","0","0","0.0"
"https://www.rotowire.com/football/redzonestats.htm?pos=WR&season=2016&range=Year&games=1&tar=0&rush=0","Robinson Allen","JAC","16","124.3","7.8","73","883","6","12.1","11","1","151","27.2","5.8","19","11","6","29.2","0","0","0","0.0","0","0","0","0.0"
"https://www.rotowire.com/football/redzonestats.htm?pos=WR&season=2016&range=Year&games=1&tar=0&rush=0","Garcon Pierre","SF","16","122.1","7.6","79","1041","3","13.2","15","3","114","19.9","9.1","14","7","3","21.2","0","0","0","0.0","0","0","0","0.0"
"https://www.rotowire.com/football/redzonestats.htm?pos=WR&season=2016&range=Year&games=1&tar=0&rush=0","LaFell Brandon","CIN","16","122.0","7.6","64","862","6","13.5","11","4","107","21.3","8.1","16","10","3","24.6","1","-2","0","-2.0","0","0","0","0.0"
"https://www.rotowire.com/football/redzonestats.htm?pos=WR&season=2016&range=Year&games=1&tar=0&rush=0","Green A.J.","CIN","10","120.4","12.0","66","964","4","14.6","15","6","100","19.9","9.6","10","4","1","15.4","0","0","0","0.0","0","0","0","0.0"
"https://www.rotowire.com/football/redzonestats.htm?pos=WR&season=2016&range=Year&games=1&tar=0&rush=0","Snead Willie","NO","15","120.0","8.0","72","895","4","12.4","12","2","104","16.0","8.6","12","8","4","12.6","0","0","0","0.0","0","0","0","0.0"
"https://www.rotowire.com/football/redzonestats.htm?pos=WR&season=2016&range=Year&games=1&tar=0&rush=0","Hopkins DeAndre","HOU","16","119.4","7.5","78","954","4","12.2","10","2","151","27.7","6.3","11","6","5","16.2","0","0","0","0.0","0","0","0","0.0"
"https://www.rotowire.com/football/redzonestats.htm?pos=WR&season=2016&range=Year&games=1&tar=0&rush=0","Shepard Sterling","NYG","16","119.4","7.5","65","683","8","10.5","6","0","105","17.0","6.5","13","6","2","16.5","3","31","0","10.3","0","0","0","0.0"
"https://www.rotowire.com/football/redzonestats.htm?pos=WR&season=2016&range=Year&games=1&tar=0&rush=0","Meredith Cameron","CHI","14","117.5","8.4","66","888","4","13.5","13","1","97","16.5","9.2","13","4","3","16.7","1","6","0","6.0","1","1","0","1.9"
"https://www.rotowire.com/football/redzonestats.htm?pos=WR&season=2016&range=Year&games=1&tar=0&rush=0","Jones Marvin","DET","15","117.3","7.8","55","930","4","16.9","16","4","103","20.1","9.0","15","8","5","22.4","1","3","0","3.0","0","0","0","0.0"
"https://www.rotowire.com/football/redzonestats.htm?pos=WR&season=2016&range=Year&games=1&tar=0&rush=0","Beasley Cole","DAL","16","114.0","7.1","75","833","5","11.1","6","1","98","21.8","8.5","8","5","3","14.0","1","7","0","7.0","0","0","0","0.0"
"https://www.rotowire.com/football/redzonestats.htm?pos=WR&season=2016&range=Year&games=1&tar=0&rush=0","Lee Marqise","JAC","16","111.6","7.0","63","851","3","13.5","13","1","105","18.9","8.1","9","2","1","13.8","6","35","0","5.8","0","0","0","0.0"
"https://www.rotowire.com/football/redzonestats.htm?pos=WR&season=2016&range=Year&games=1&tar=0&rush=0","Enunwa Quincy","NYJ","16","110.9","6.9","58","857","4","14.8","14","4","105","23.5","8.2","15","10","5","29.4","1","12","0","12.0","0","0","0","0.0"
"https://www.rotowire.com/football/redzonestats.htm?pos=WR&season=2016&range=Year&games=1&tar=0&rush=0","Diggs Stefon","MIN","13","109.3","8.4","84","903","3","10.8","10","3","112","18.5","8.1","12","3","2","13.5","3","10","0","3.3","1","0","0","1.4"
"https://www.rotowire.com/football/redzonestats.htm?pos=WR&season=2016&range=Year&games=1&tar=0&rush=0","Ginn Ted","NO","16","109.0","6.8","54","752","4","13.9","9","4","95","14.6","7.9","1","0","0","1.1","14","98","0","7.0","1","0","0","1.6"
"https://www.rotowire.com/football/redzonestats.htm?pos=WR&season=2016&range=Year&games=1&tar=0&rush=0","Nelson J.J.","ARZ","15","107.1","7.1","34","568","6","16.7","9","4","74","13.4","7.7","11","4","2","16.7","4","83","1","20.8","1","0","0","1.3"
"https://www.rotowire.com/football/redzonestats.htm?pos=WR&season=2016&range=Year&games=1&tar=0&rush=0","Inman Dontrelle","LAC","16","105.0","6.6","58","810","4","14.0","10","2","97","17.9","8.4","7","2","1","8.5","0","0","0","0.0","0","0","0","0.0"
"https://www.rotowire.com/football/redzonestats.htm?pos=WR&season=2016&range=Year&games=1&tar=0&rush=0","Gabriel Taylor","ATL","13","105.0","8.1","35","579","6","16.5","8","3","50","10.4","11.6","6","2","1","7.2","4","51","1","12.8","1","1","0","1.1"
"https://www.rotowire.com/football/redzonestats.htm?pos=WR&season=2016&range=Year&games=1&tar=0&rush=0","Parker DeVante","MIA","15","98.4","6.6","56","744","4","13.3","9","4","87","18.7","8.6","9","5","0","17.3","0","0","0","0.0","0","0","0","0.0"
"https://www.rotowire.com/football/redzonestats.htm?pos=WR&season=2016&range=Year&games=1&tar=0&rush=0","Matthews Jordan","PHI","14","98.4","7.0","73","804","3","11.0","13","1","117","16.1","6.9","11","4","3","10.8","0","0","0","0.0","0","0","0","0.0"
"https://www.rotowire.com/football/redzonestats.htm?pos=WR&season=2016&range=Year&games=1&tar=0&rush=0","Marshall Brandon","NYG","15","96.8","6.5","59","788","3","13.4","10","1","128","20.7","6.2","21","8","6","26.6","0","0","0","0.0","0","0","0","0.0"
"https://www.rotowire.com/football/redzonestats.htm?pos=WR&season=2016&range=Year&games=1&tar=0&rush=0","Jeffery Alshon","PHI","12","94.1","7.8","52","821","2","15.8","12","2","94","12.9","8.7","12","5","1","11.8","0","0","0","0.0","0","0","0","0.0"
"https://www.rotowire.com/football/redzonestats.htm?pos=WR&season=2016&range=Year&games=1&tar=0&rush=0","Hogan Chris","NE","15","92.9","6.2","38","680","4","17.9","11","4","58","8.1","11.7","10","6","3","9.9","3","9","0","3.0","0","0","0","0.0"
"https://www.rotowire.com/football/redzonestats.htm?pos=WR&season=2016&range=Year&games=1&tar=0&rush=0","Benjamin Travis","LAC","14","91.4","6.5","47","677","4","14.4","10","6","75","13.8","9.0","7","1","0","8.5","2","-3","0","-1.5","0","0","0","0.0"
"https://www.rotowire.com/football/redzonestats.htm?pos=WR&season=2016&range=Year&games=1&tar=0&rush=0","Austin Tavon","LA","15","90.8","6.1","58","509","3","8.8","6","1","106","31.8","4.8","10","3","0","27.0","28","159","1","5.7","4","2","0","9.3"
"https://www.rotowire.com/football/redzonestats.htm?pos=WR&season=2016&range=Year&games=1&tar=0&rush=0","Sanu Mohamed","ATL","15","89.8","6.0","59","653","4","11.1","6","1","81","16.8","8.1","13","9","4","15.7","1","5","0","5.0","1","1","0","1.1"
"https://www.rotowire.com/football/redzonestats.htm?pos=WR&season=2016&range=Year&games=1&tar=0&rush=0","Cobb Randall","GB","13","88.3","6.8","60","610","4","10.2","7","1","84","12.4","7.3","14","7","2","11.9","10","33","0","3.3","2","2","1","5.1"
"https://www.rotowire.com/football/redzonestats.htm?pos=WR&season=2016&range=Year&games=1&tar=0&rush=0","Kerley Jeremy","SF","16","84.7","5.3","64","667","3","10.4","8","0","115","20.1","5.8","10","2","0","15.2","0","0","0","0.0","0","0","0","0.0"
"https://www.rotowire.com/football/redzonestats.htm?pos=WR&season=2016&range=Year&games=1&tar=0&rush=0","Williams Terrance","DAL","16","83.4","5.2","44","594","4","13.5","6","2","61","13.6","9.7","6","4","2","10.5","0","0","0","0.0","0","0","0","0.0"
"https://www.rotowire.com/football/redzonestats.htm?pos=WR&season=2016&range=Year&games=1&tar=0&rush=0","Lockett Tyler","SEA","15","83.1","5.5","41","597","1","14.6","9","3","66","12.9","9.0","5","2","1","7.1","6","114","1","19.0","1","0","0","1.8"
"https://www.rotowire.com/football/redzonestats.htm?pos=WR&season=2016&range=Year&games=1&tar=0&rush=0","Rogers Eli","PIT","13","78.0","6.0","48","594","3","12.4","11","0","66","11.3","9.0","6","3","2","8.0","1","6","0","6.0","0","0","0","0.0"
"https://www.rotowire.com/football/redzonestats.htm?pos=WR&season=2016&range=Year&games=1&tar=0&rush=0","Humphries Adam","TB","15","76.0","5.1","55","622","2","11.3","7","2","83","14.3","7.5","10","2","1","13.9","5","18","0","3.6","0","0","0","0.0"
"https://www.rotowire.com/football/redzonestats.htm?pos=WR&season=2016&range=Year&games=1&tar=0&rush=0","Fuller Will","HOU","14","75.2","5.4","47","635","2","13.5","11","1","92","16.8","6.9","10","5","1","14.7","1","-3","0","-3.0","1","0","0","1.7"
"https://www.rotowire.com/football/redzonestats.htm?pos=WR&season=2016&range=Year&games=1&tar=0&rush=0","Anderson Robby","NYJ","16","74.9","4.7","42","587","2","14.0","10","4","78","17.4","7.5","5","0","0","9.8","3","42","0","14.0","0","0","0","0.0"
"https://www.rotowire.com/football/redzonestats.htm?pos=WR&season=2016&range=Year&games=1&tar=0&rush=0","Quick Brian","WAS","16","74.4","4.7","41","564","3","13.8","7","3","77","13.0","7.3","8","4","2","10.4","0","0","0","0.0","0","0","0","0.0"
"https://www.rotowire.com/football/redzonestats.htm?pos=WR&season=2016&range=Year&games=1&tar=0&rush=0","Moncrief Donte","IND","9","72.6","8.1","30","307","7","10.2","3","0","56","8.9","5.5","10","6","5","14.1","1","-1","0","-1.0","0","0","0","0.0"
"https://www.rotowire.com/football/redzonestats.htm?pos=WR&season=2016&range=Year&games=1&tar=0&rush=0","Boyd Tyler","CIN","16","72.1","4.5","54","603","1","11.2","9","0","81","16.1","7.4","10","2","2","15.4","4","58","0","14.5","0","0","0","0.0"
"https://www.rotowire.com/football/redzonestats.htm?pos=WR&season=2016&range=Year&games=1&tar=0&rush=0","Roberts Seth","OAK","16","69.7","4.4","38","397","5","10.4","5","1","77","12.5","5.2","21","9","4","23.1","0","0","0","0.0","0","0","0","0.0"
"https://www.rotowire.com/football/redzonestats.htm?pos=WR&season=2016&range=Year&games=1&tar=0&rush=0","Floyd Michael","MIN","13","68.6","5.3","33","446","4","13.5","4","0","76","12.6","5.9","14","7","4","15.7","0","0","0","0.0","0","0","0","0.0"
"https://www.rotowire.com/football/redzonestats.htm?pos=WR&season=2016&range=Year&games=1&tar=0&rush=0","Perriman Breshad","BAL","16","68.1","4.3","33","499","3","15.1","8","3","66","15.9","7.6","4","0","0","8.3","1","2","0","2.0","0","0","0","0.0"
"https://www.rotowire.com/football/redzonestats.htm?pos=WR&season=2016&range=Year&games=1&tar=0&rush=0","Woods Robert","LA","13","67.9","5.2","51","613","1","12.0","10","0","76","22.8","8.1","8","2","2","21.6","1","6","0","6.0","0","0","0","0.0"
"https://www.rotowire.com/football/redzonestats.htm?pos=WR&season=2016&range=Year&games=1&tar=0&rush=0","Dorsett Phillip","IND","15","65.8","4.4","33","528","2","16.0","8","4","59","9.4","8.9","7","4","2","9.9","2","10","0","5.0","0","0","0","0.0"
"https://www.rotowire.com/football/redzonestats.htm?pos=WR&season=2016&range=Year&games=1&tar=0&rush=0","Hurns Allen","JAC","11","65.7","6.0","35","477","3","13.6","9","1","76","13.7","6.3","13","3","2","20.0","0","0","0","0.0","0","0","0","0.0"
"https://www.rotowire.com/football/redzonestats.htm?pos=WR&season=2016&range=Year&games=1&tar=0&rush=0","Maclin Jeremy","BAL","12","65.5","5.5","44","536","2","12.2","6","1","76","18.4","7.1","11","1","0","22.9","1","-1","0","-1.0","0","0","0","0.0"
"https://www.rotowire.com/football/redzonestats.htm?pos=WR&season=2016&range=Year&games=1&tar=0&rush=0","Brown John","ARZ","15","64.7","4.3","39","517","2","13.3","5","0","72","13.0","7.2","6","3","1","9.1","1","10","0","10.0","0","0","0","0.0"
"https://www.rotowire.com/football/redzonestats.htm?pos=WR&season=2016&range=Year&games=1&tar=0&rush=0","Cruz Victor","CHI","15","64.6","4.3","39","586","1","15.0","10","3","72","12.2","8.1","7","2","2","9.0","0","0","0","0.0","0","0","0","0.0"
"https://www.rotowire.com/football/redzonestats.htm?pos=WR&season=2016&range=Year&games=1&tar=0&rush=0","Sharpe Tajae","TEN","16","64.3","4.0","41","522","2","12.7","7","0","83","19.3","6.3","5","2","0","7.6","1","1","0","1.0","1","0","0","1.3"
"https://www.rotowire.com/football/redzonestats.htm?pos=WR&season=2016&range=Year&games=1&tar=0&rush=0","Mitchell Malcolm","NE","14","64.1","4.6","32","401","4","12.5","6","1","48","6.7","8.4","12","4","2","11.9","0","0","0","0.0","0","0","0","0.0"
"https://www.rotowire.com/football/redzonestats.htm?pos=WR&season=2016&range=Year&games=1&tar=0&rush=0","Patterson Cordarrelle","OAK","16","61.6","3.9","52","453","2","8.7","4","0","70","11.4","6.5","8","3","1","8.8","7","43","0","6.1","0","0","0","0.0"
"https://www.rotowire.com/football/redzonestats.htm?pos=WR&season=2016&range=Year&games=1&tar=0&rush=0","Wright Kendall","CHI","11","61.1","5.6","29","416","3","14.3","6","2","43","7.3","9.7","3","2","1","3.8","1","15","0","15.0","0","0","0","0.0"
"https://www.rotowire.com/football/redzonestats.htm?pos=WR&season=2016&range=Year&games=1&tar=0&rush=0","Funchess Devin","CAR","15","61.1","4.1","23","371","4","16.1","8","1","58","12.4","6.4","14","3","0","21.9","0","0","0","0.0","0","0","0","0.0"
"https://www.rotowire.com/football/redzonestats.htm?pos=WR&season=2016&range=Year&games=1&tar=0&rush=0","Goodwin Marquise","SF","15","61.1","4.1","29","431","3","14.9","3","2","68","11.9","6.3","4","2","0","6.1","0","0","0","0.0","0","0","0","0.0"
"https://www.rotowire.com/football/redzonestats.htm?pos=WR&season=2016&range=Year&games=1&tar=0&rush=0","Coleman Corey","CLE","10","60.3","6.0","33","413","3","12.5","4","2","73","18.0","5.7","4","1","0","10.3","2","10","0","5.0","0","0","0","0.0"
"https://www.rotowire.com/football/redzonestats.htm?pos=WR&season=2016&range=Year&games=1&tar=0&rush=0","Kearse Jermaine","SEA","16","57.0","3.6","41","510","1","12.4","7","0","89","17.4","5.7","15","10","5","21.4","0","0","0","0.0","0","0","0","0.0"
"https://www.rotowire.com/football/redzonestats.htm?pos=WR&season=2016&range=Year&games=1&tar=0&rush=0","Coates Sammie","PIT","14","56.9","4.1","21","435","2","20.7","7","6","49","8.4","8.9","5","2","2","6.7","4","14","0","3.5","1","0","0","2.2"
"https://www.rotowire.com/football/redzonestats.htm?pos=WR&season=2016&range=Year&games=1&tar=0&rush=0","Watkins Sammy","BUF","8","55.0","6.9","28","430","2","15.4","4","2","52","13.6","8.3","4","1","0","7.4","0","0","0","0.0","0","0","0","0.0"
"https://www.rotowire.com/football/redzonestats.htm?pos=WR&season=2016&range=Year&games=1&tar=0&rush=0","Conley Chris","KC","16","53.0","3.3","44","530","0","12.0","4","0","69","14.3","7.7","14","4","1","17.7","0","0","0","0.0","0","0","0","0.0"
"https://www.rotowire.com/football/redzonestats.htm?pos=WR&season=2016&range=Year&games=1&tar=0&rush=0","Green-Beckham Dorial","PHI","15","51.2","3.4","36","392","2","10.9","5","0","74","10.2","5.3","12","2","2","11.8","0","0","0","0.0","0","0","0","0.0"
"https://www.rotowire.com/football/redzonestats.htm?pos=WR&season=2016&range=Year&games=1&tar=0&rush=0","Wilson Albert","KC","16","50.9","3.2","31","279","2","9.0","4","1","51","10.6","5.5","7","4","2","8.9","2","50","1","25.0","1","0","0","1.5"
"https://www.rotowire.com/football/redzonestats.htm?pos=WR&season=2016&range=Year&games=1&tar=0&rush=0","Hawkins Andrew","NE","16","50.4","3.2","33","324","3","9.8","5","0","54","7.5","6.0","11","5","3","10.9","2","0","0","0.0","0","0","0","0.0"
"https://www.rotowire.com/football/redzonestats.htm?pos=WR&season=2016&range=Year&games=1&tar=0&rush=0","Agholor Nelson","PHI","15","49.9","3.3","36","365","2","10.1","3","1","69","9.5","5.3","14","3","0","13.7","5","14","0","2.8","0","0","0","0.0"
"https://www.rotowire.com/football/redzonestats.htm?pos=WR&season=2016&range=Year&games=1&tar=0&rush=0","Amendola Danny","NE","12","48.3","4.0","23","243","4","10.6","1","0","29","4.1","8.4","8","3","1","7.9","0","0","0","0.0","0","0","0","0.0"
"https://www.rotowire.com/football/redzonestats.htm?pos=WR&season=2016&range=Year&games=1&tar=0&rush=0","Shepard Russell","CAR","14","47.0","3.4","23","341","2","14.8","5","0","40","8.5","8.5","7","3","1","10.9","1","9","0","9.0","0","0","0","0.0"
"https://www.rotowire.com/football/redzonestats.htm?pos=WR&season=2016&range=Year&games=1&tar=0&rush=0","Coleman Brandon","NO","16","46.1","2.9","26","281","3","10.8","2","0","38","5.8","7.4","9","6","1","9.5","0","0","0","0.0","0","0","0","0.0"
"https://www.rotowire.com/football/redzonestats.htm?pos=WR&season=2016&range=Year&games=1&tar=0&rush=0","Smith Torrey","PHI","12","44.7","3.7","20","267","3","13.4","4","1","49","6.7","5.4","5","4","1","4.9","0","0","0","0.0","0","0","0","0.0"
"https://www.rotowire.com/football/redzonestats.htm?pos=WR&season=2016&range=Year&games=1&tar=0&rush=0","Robinson Aldrick","SF","16","44.3","2.8","20","323","2","16.2","6","1","32","5.6","10.1","3","1","1","4.5","0","0","0","0.0","0","0","0","0.0"
"https://www.rotowire.com/football/redzonestats.htm?pos=WR&season=2016&range=Year&games=1&tar=0&rush=0","Hardy Justin","ATL","16","44.3","2.8","21","203","4","9.7","2","0","31","6.4","6.5","10","9","6","12.0","0","0","0","0.0","0","0","0","0.0"
"https://www.rotowire.com/football/redzonestats.htm?pos=WR&season=2016&range=Year&games=1&tar=0&rush=0","Hunter Justin","PIT","12","42.9","3.6","10","189","4","18.9","3","1","24","4.1","7.9","7","5","3","9.3","0","0","0","0.0","0","0","0","0.0"
"https://www.rotowire.com/football/redzonestats.htm?pos=WR&season=2016&range=Year&games=1&tar=0&rush=0","Butler Brice","DAL","16","39.9","2.5","16","219","3","13.7","4","1","32","7.1","6.8","7","6","4","12.3","0","0","0","0.0","0","0","0","0.0"
"https://www.rotowire.com/football/redzonestats.htm?pos=WR&season=2016&range=Year&games=1&tar=0&rush=0","Aiken Kamar","IND","16","38.8","2.4","29","328","1","11.3","3","0","50","7.9","6.6","4","2","2","5.6","0","0","0","0.0","0","0","0","0.0"
"https://www.rotowire.com/football/redzonestats.htm?pos=WR&season=2016&range=Year&games=1&tar=0&rush=0","Bellamy Josh","CHI","16","37.9","2.4","19","282","1","14.8","6","0","38","6.5","7.4","3","2","0","3.8","4","37","0","9.3","1","0","0","1.9"
"https://www.rotowire.com/football/redzonestats.htm?pos=WR&season=2016&range=Year&games=1&tar=0&rush=0","Thompson Deonte","CHI","16","36.9","2.3","22","249","2","11.3","2","0","36","6.1","6.9","6","5","1","7.7","0","0","0","0.0","0","0","0","0.0"
"https://www.rotowire.com/football/redzonestats.htm?pos=WR&season=2016&range=Year&games=1&tar=0&rush=0","Hamilton Cobi","PIT","11","35.4","3.2","17","234","2","13.8","4","0","28","4.8","8.4","4","1","1","5.3","0","0","0","0.0","0","0","0","0.0"
"https://www.rotowire.com/football/redzonestats.htm?pos=WR&season=2016&range=Year&games=1&tar=0&rush=0","Heyward-Bey Darrius","PIT","10","35.4","3.5","6","114","2","19.0","2","1","19","3.3","6.0","2","0","0","2.7","1","60","1","60.0","0","0","0","0.0"
"https://www.rotowire.com/football/redzonestats.htm?pos=WR&season=2016&range=Year&games=1&tar=0&rush=0","Richardson Paul","SEA","15","35.3","2.4","21","288","1","13.7","3","0","36","7.0","8.0","4","3","2","5.7","1","5","0","5.0","1","0","0","1.8"
"https://www.rotowire.com/football/redzonestats.htm?pos=WR&season=2016&range=Year&games=1&tar=0&rush=0","Brown Philly","BUF","16","34.2","2.1","27","276","1","10.2","1","0","53","13.8","5.2","8","3","1","14.8","2","6","0","3.0","0","0","0","0.0"
"https://www.rotowire.com/football/redzonestats.htm?pos=WR&season=2016&range=Year&games=1&tar=0&rush=0","Taylor Jordan","DEN","16","32.9","2.1","16","209","2","13.1","4","0","25","4.8","8.4","6","3","1","8.8","0","0","0","0.0","0","0","0","0.0"
"https://www.rotowire.com/football/redzonestats.htm?pos=WR&season=2016&range=Year&games=1&tar=0&rush=0","Allison Geronimo","GB","10","32.2","3.2","12","202","2","16.8","3","0","22","3.2","9.2","6","3","1","5.1","0","0","0","0.0","0","0","0","0.0"
"https://www.rotowire.com/football/redzonestats.htm?pos=WR&season=2016&range=Year&games=1&tar=0&rush=0","Decker Eric","TEN","3","31.4","10.5","9","194","2","21.6","5","0","21","4.9","9.2","4","3","3","6.1","0","0","0","0.0","0","0","0","0.0"
"https://www.rotowire.com/football/redzonestats.htm?pos=WR&season=2016&range=Year&games=1&tar=0&rush=0","Streater Rod","BUF","16","31.1","1.9","18","191","2","10.6","1","0","27","7.0","7.1","3","2","1","5.6","0","0","0","0.0","0","0","0","0.0"
"https://www.rotowire.com/football/redzonestats.htm?pos=WR&season=2016&range=Year&games=1&tar=0&rush=0","Holmes Andre","BUF","16","30.6","1.9","14","126","3","9.0","2","0","25","6.5","5.0","8","6","5","14.8","0","0","0","0.0","0","0","0","0.0"
"https://www.rotowire.com/football/redzonestats.htm?pos=WR&season=2016&range=Year&games=1&tar=0&rush=0","Marshall Jalin","NYJ","10","28.2","2.8","14","162","2","11.6","3","0","22","4.9","7.4","5","2","1","9.8","0","0","0","0.0","0","0","0","0.0"
"https://www.rotowire.com/football/redzonestats.htm?pos=WR&season=2016&range=Year&games=1&tar=0&rush=0","McEvoy Tanner","SEA","14","28.2","2.0","9","140","2","15.6","2","1","11","2.2","12.7","0","0","0","0.0","0","0","0","0.0","0","0","0","0.0"
"https://www.rotowire.com/football/redzonestats.htm?pos=WR&season=2016&range=Year&games=1&tar=0&rush=0","Rogers Chester","IND","14","27.3","2.0","19","273","0","14.4","6","0","34","5.4","8.0","5","4","3","7.0","0","0","0","0.0","0","0","0","0.0"
"https://www.rotowire.com/football/redzonestats.htm?pos=WR&season=2016&range=Year&games=1&tar=0&rush=0","Fowler Bennie","DEN","13","26.5","2.0","11","145","2","13.2","1","1","24","4.6","6.0","3","1","1","4.4","0","0","0","0.0","0","0","0","0.0"
"https://www.rotowire.com/football/redzonestats.htm?pos=WR&season=2016&range=Year&games=1&tar=0&rush=0","Janis Jeff","GB","16","25.1","1.6","11","93","1","8.5","1","0","19","2.8","4.9","2","2","1","1.7","2","38","1","19.0","1","0","0","2.6"
"https://www.rotowire.com/football/redzonestats.htm?pos=WR&season=2016&range=Year&games=1&tar=0&rush=0","Roberts Andre","ATL","16","24.8","1.6","14","188","1","13.4","3","1","25","5.2","7.5","3","3","1","3.6","0","0","0","0.0","0","0","0","0.0"
"https://www.rotowire.com/football/redzonestats.htm?pos=WR&season=2016&range=Year&games=1&tar=0&rush=0","Brown Jaron","ARZ","7","24.7","3.5","11","187","1","17.0","3","1","23","4.2","8.1","0","0","0","0.0","0","0","0","0.0","0","0","0","0.0"
"https://www.rotowire.com/football/redzonestats.htm?pos=WR&season=2016&range=Year&games=1&tar=0&rush=0","Johnson Charles","CAR","16","23.2","1.5","20","232","0","11.6","3","1","37","7.9","6.3","2","0","0","3.1","0","0","0","0.0","0","0","0","0.0"
"https://www.rotowire.com/football/redzonestats.htm?pos=WR&season=2016&range=Year&games=1&tar=0&rush=0","Wilson Marquess","NYJ","3","22.0","7.3","9","160","1","17.8","3","0","16","3.6","10.0","2","1","0","3.9","0","0","0","0.0","0","0","0","0.0"
"https://www.rotowire.com/football/redzonestats.htm?pos=WR&season=2016&range=Year&games=1&tar=0&rush=0","Lewis Roger","NYG","13","21.7","1.7","7","97","2","13.9","2","0","19","3.1","5.1","1","1","1","1.3","0","0","0","0.0","0","0","0","0.0"
"https://www.rotowire.com/football/redzonestats.htm?pos=WR&season=2016&range=Year&games=1&tar=0&rush=0","Douglas Harry","TEN","11","21.0","1.9","15","210","0","14.0","5","0","22","5.1","9.5","3","1","1","4.5","0","0","0","0.0","0","0","0","0.0"
"https://www.rotowire.com/football/redzonestats.htm?pos=WR&season=2016&range=Year&games=1&tar=0&rush=0","Louis Ricardo","CLE","16","20.5","1.3","18","205","0","11.4","3","1","36","8.9","5.7","3","0","0","7.7","0","0","0","0.0","0","0","0","0.0"
"https://www.rotowire.com/football/redzonestats.htm?pos=WR&season=2016&range=Year&games=1&tar=0&rush=0","Martino Freddie","TB","13","20.2","1.6","8","142","1","17.8","2","1","11","1.9","12.9","0","0","0","0.0","0","0","0","0.0","0","0","0","0.0"
"https://www.rotowire.com/football/redzonestats.htm?pos=WR&season=2016&range=Year&games=1&tar=0&rush=0","Core Cody","CIN","8","20.0","2.5","17","200","0","11.8","3","1","27","5.4","7.4","1","0","0","1.5","0","0","0","0.0","0","0","0","0.0"
"https://www.rotowire.com/football/redzonestats.htm?pos=WR&season=2016&range=Year&games=1&tar=0&rush=0","White Kevin","CHI","4","19.6","4.9","19","187","0","9.8","1","0","36","6.1","5.2","5","1","1","6.4","1","9","0","9.0","0","0","0","0.0"
"https://www.rotowire.com/football/redzonestats.htm?pos=WR&season=2016&range=Year&games=1&tar=0&rush=0","Peake Charone","NYJ","15","18.6","1.2","19","186","0","9.8","1","0","35","7.8","5.3","3","1","0","5.9","0","0","0","0.0","0","0","0","0.0"
"https://www.rotowire.com/football/redzonestats.htm?pos=WR&season=2016&range=Year&games=1&tar=0&rush=0","Benn Arrelious","JAC","15","17.6","1.2","5","116","1","23.2","2","1","10","1.8","11.6","1","0","0","1.5","0","0","0","0.0","0","0","0","0.0"
"https://www.rotowire.com/football/redzonestats.htm?pos=WR&season=2016&range=Year&games=1&tar=0&rush=0","Tate Brandon","BUF","15","16.5","1.1","8","117","0","14.6","2","0","12","3.1","9.8","1","0","0","1.9","3","48","0","16.0","0","0","0","0.0"
"https://www.rotowire.com/football/redzonestats.htm?pos=WR&season=2016&range=Year&games=1&tar=0&rush=0","Miller Braxton","HOU","10","15.9","1.6","15","99","1","6.6","0","0","28","5.1","3.5","11","4","1","16.2","3","0","0","0.0","2","1","0","3.4"
"https://www.rotowire.com/football/redzonestats.htm?pos=WR&season=2016&range=Year&games=1&tar=0&rush=0","Golden Brittan","ARZ","12","14.2","1.2","8","82","1","10.3","1","0","14","2.5","5.9","2","1","0","3.0","0","0","0","0.0","0","0","0","0.0"
"https://www.rotowire.com/football/redzonestats.htm?pos=WR&season=2016&range=Year&games=1&tar=0&rush=0","Powell Walter","BUF","9","14.2","1.6","14","142","0","10.1","1","0","25","6.5","5.7","2","1","0","3.7","0","0","0","0.0","0","0","0","0.0"
"https://www.rotowire.com/football/redzonestats.htm?pos=WR&season=2016&range=Year&games=1&tar=0&rush=0","Huff Josh","TB","7","14.2","2.0","13","72","1","5.5","0","0","23","4.0","3.1","4","1","1","5.6","3","10","0","3.3","1","0","0","1.5"
"https://www.rotowire.com/football/redzonestats.htm?pos=WR&season=2016&range=Year&games=1&tar=0&rush=0","Harper Chris","NYJ","9","13.3","1.5","13","133","0","10.2","0","0","21","4.7","6.3","0","0","0","0.0","0","0","0","0.0","0","0","0","0.0"
"https://www.rotowire.com/football/redzonestats.htm?pos=WR&season=2016&range=Year&games=1&tar=0&rush=0","Strong Jaelen","HOU","8","13.1","1.6","14","131","0","9.4","1","0","24","4.4","5.5","1","1","0","1.5","0","0","0","0.0","0","0","0","0.0"
"https://www.rotowire.com/football/redzonestats.htm?pos=WR&season=2016&range=Year&games=1&tar=0&rush=0","Whitehead Lucky","DAL","15","13.0","0.9","3","48","0","16.0","1","0","3","0.7","16.0","1","0","0","1.8","10","82","0","8.2","0","0","0","0.0"
"https://www.rotowire.com/football/redzonestats.htm?pos=WR&season=2016&range=Year&games=1&tar=0&rush=0","Wright Jarius","MIN","8","12.7","1.6","11","67","1","6.1","0","0","14","2.3","4.8","2","1","1","2.2","0","0","0","0.0","0","0","0","0.0"
"https://www.rotowire.com/football/redzonestats.htm?pos=WR&season=2016&range=Year&games=1&tar=0&rush=0","Turner Paul","PHI","4","12.6","3.2","9","126","0","14.0","1","1","14","1.9","9.0","0","0","0","0.0","0","0","0","0.0","0","0","0","0.0"
"https://www.rotowire.com/football/redzonestats.htm?pos=WR&season=2016&range=Year&games=1&tar=0&rush=0","Wheaton Markus","CHI","3","11.1","3.7","4","51","1","12.8","1","0","9","1.5","5.7","2","0","0","2.6","0","0","0","0.0","0","0","0","0.0"
"https://www.rotowire.com/football/redzonestats.htm?pos=WR&season=2016&range=Year&games=1&tar=0&rush=0","Cooper Pharoh","LA","10","10.6","1.1","14","106","0","7.6","1","0","20","6.0","5.3","0","0","0","0.0","0","0","0","0.0","0","0","0","0.0"
"https://www.rotowire.com/football/redzonestats.htm?pos=WR&season=2016&range=Year&games=1&tar=0&rush=0","Floyd Michael","MIN","2","10.2","5.1","4","42","1","10.5","4","0","76","12.6","0.6","14","7","4","15.7","0","0","0","0.0","0","0","0","0.0"
"https://www.rotowire.com/football/redzonestats.htm?pos=WR&season=2016&range=Year&games=1&tar=0&rush=0","Ayers Demarcus","PIT","2","10.1","5.1","6","53","1","8.8","0","0","13","2.2","4.1","2","0","0","2.7","2","-12","0","-6.0","0","0","0","0.0"
"https://www.rotowire.com/football/redzonestats.htm?pos=WR&season=2016&range=Year&games=1&tar=0&rush=0","Wright James","CLE","13","10.0","0.8","13","106","0","8.2","0","0","19","4.7","5.6","0","0","0","0.0","2","-6","0","-3.0","1","0","0","2.1"
"https://www.rotowire.com/football/redzonestats.htm?pos=WR&season=2016&range=Year&games=1&tar=0&rush=0","Ross Jeremy","ARZ","2","9.7","4.9","4","37","1","9.3","0","0","4","0.7","9.3","1","1","1","1.5","0","0","0","0.0","0","0","0","0.0"
"https://www.rotowire.com/football/redzonestats.htm?pos=WR&season=2016&range=Year&games=1&tar=0&rush=0","Jones TJ","DET","3","9.3","3.1","5","93","0","18.6","2","0","14","2.7","6.6","2","0","0","3.0","0","0","0","0.0","0","0","0","0.0"
"https://www.rotowire.com/football/redzonestats.htm?pos=WR&season=2016&range=Year&games=1&tar=0&rush=0","Carroo Leonte","MIA","14","8.9","0.6","3","29","1","9.7","0","0","6","1.3","4.8","2","0","0","3.8","0","0","0","0.0","0","0","0","0.0"
"https://www.rotowire.com/football/redzonestats.htm?pos=WR&season=2016&range=Year&games=1&tar=0&rush=0","Burbridge Aaron","SF","16","8.8","0.6","7","88","0","12.6","1","0","16","2.8","5.5","2","0","0","3.0","0","0","0","0.0","0","0","0","0.0"
"https://www.rotowire.com/football/redzonestats.htm?pos=WR&season=2016&range=Year&games=1&tar=0&rush=0","Lewis Tommylee","NO","12","8.7","0.7","7","76","0","10.9","1","0","11","1.7","6.9","0","0","0","0.0","3","11","0","3.7","1","1","0","1.6"
"https://www.rotowire.com/football/redzonestats.htm?pos=WR&season=2016&range=Year&games=1&tar=0&rush=0","Treggs Bryce","PHI","9","8.7","1.0","3","80","0","26.7","1","1","12","1.7","6.7","0","0","0","0.0","2","7","0","3.5","0","0","0","0.0"
"https://www.rotowire.com/football/redzonestats.htm?pos=WR&season=2016&range=Year&games=1&tar=0&rush=0","Davis Trevor","GB","11","8.4","0.8","3","24","1","8.0","0","0","7","1.0","3.4","2","1","0","1.7","0","0","0","0.0","0","0","0","0.0"
"https://www.rotowire.com/football/redzonestats.htm?pos=WR&season=2016&range=Year&games=1&tar=0&rush=0","Holton Johnny","OAK","15","7.7","0.5","2","34","0","17.0","1","0","3","0.5","11.3","0","0","0","0.0","6","43","0","7.2","0","0","0","0.0"
"https://www.rotowire.com/football/redzonestats.htm?pos=WR&season=2016&range=Year&games=1&tar=0&rush=0","Higgins Rashard","CLE","16","7.7","0.5","6","77","0","12.8","0","0","12","3.0","6.4","3","0","0","7.7","0","0","0","0.0","0","0","0","0.0"
"https://www.rotowire.com/football/redzonestats.htm?pos=WR&season=2016&range=Year&games=1&tar=0&rush=0","Grant Ryan","WAS","16","7.6","0.5","9","76","0","8.4","0","0","19","3.2","4.0","5","0","0","6.5","0","0","0","0.0","0","0","0","0.0"
"https://www.rotowire.com/football/redzonestats.htm?pos=WR&season=2016&range=Year&games=1&tar=0&rush=0","Latimer Cody","DEN","12","7.6","0.6","8","76","0","9.5","0","0","15","2.9","5.1","1","1","0","1.5","0","0","0","0.0","0","0","0","0.0"
"https://www.rotowire.com/football/redzonestats.htm?pos=WR&season=2016&range=Year&games=1&tar=0&rush=0","Williams Wendall","HOU","3","7.5","2.5","4","75","0","18.8","2","0","7","1.3","10.7","1","0","0","1.5","0","0","0","0.0","0","0","0","0.0"
"https://www.rotowire.com/football/redzonestats.htm?pos=WR&season=2016&range=Year&games=1&tar=0&rush=0","Harris Dwayne","NYG","16","7.3","0.5","1","13","1","13.0","0","0","1","0.2","13.0","1","0","0","1.3","0","0","0","0.0","0","0","0","0.0"
"https://www.rotowire.com/football/redzonestats.htm?pos=WR&season=2016&range=Year&games=1&tar=0&rush=0","Campanaro Michael","BAL","3","7.2","2.4","0","0","0","0.0","0","0","1","0.2","0.0","0","0","0","0.0","3","72","0","24.0","0","0","0","0.0"
"https://www.rotowire.com/football/redzonestats.htm?pos=WR&season=2016&range=Year&games=1&tar=0&rush=0","Erickson Alex","CIN","16","7.1","0.4","6","71","0","11.8","1","0","8","1.6","8.9","1","1","0","1.5","0","0","0","0.0","0","0","0","0.0"
"https://www.rotowire.com/football/redzonestats.htm?pos=WR&season=2016&range=Year&games=1&tar=0&rush=0","Harris Maurice","WAS","10","6.6","0.7","8","66","0","8.3","0","0","12","2.0","5.5","0","0","0","0.0","0","0","0","0.0","0","0","0","0.0"
"https://www.rotowire.com/football/redzonestats.htm?pos=WR&season=2016&range=Year&games=1&tar=0&rush=0","Doctson Josh","WAS","2","6.6","3.3","2","66","0","33.0","1","1","6","1.0","11.0","3","2","1","3.9","0","0","0","0.0","0","0","0","0.0"
"https://www.rotowire.com/football/redzonestats.htm?pos=WR&season=2016&range=Year&games=1&tar=0&rush=0","Moore Chris","BAL","15","6.5","0.4","7","46","0","6.6","0","0","16","3.9","2.9","0","0","0","0.0","3","19","0","6.3","0","0","0","0.0"
"https://www.rotowire.com/football/redzonestats.htm?pos=WR&season=2016&range=Year&games=1&tar=0&rush=0","Thomas De'Anthony","KC","12","6.4","0.5","7","35","0","5.0","0","0","9","1.9","3.9","0","0","0","0.0","4","29","0","7.3","1","1","1","1.5"
"https://www.rotowire.com/football/redzonestats.htm?pos=WR&season=2016&range=Year&games=1&tar=0&rush=0","Allen Keenan","LAC","1","6.3","6.3","6","63","0","10.5","0","0","7","1.3","9.0","0","0","0","0.0","0","0","0","0.0","0","0","0","0.0"
"https://www.rotowire.com/football/redzonestats.htm?pos=WR&season=2016&range=Year&games=1&tar=0&rush=0","Williams Nick","ATL","2","5.9","3.0","5","59","0","11.8","0","0","7","1.5","8.4","2","0","0","2.4","0","0","0","0.0","0","0","0","0.0"
"https://www.rotowire.com/football/redzonestats.htm?pos=WR&season=2016&range=Year&games=1&tar=0&rush=0","King Tavarres","NYG","7","5.0","0.7","2","50","0","25.0","1","1","4","0.6","12.5","1","1","0","1.3","0","0","0","0.0","0","0","0","0.0"
"https://www.rotowire.com/football/redzonestats.htm?pos=WR&season=2016&range=Year&games=1&tar=0&rush=0","Huff Josh","TB","3","4.6","1.5","3","41","0","13.7","0","0","23","4.0","1.8","4","1","1","5.6","1","5","0","5.0","1","0","0","1.5"
"https://www.rotowire.com/football/redzonestats.htm?pos=WR&season=2016&range=Year&games=1&tar=0&rush=0","Bray Quan","IND","6","4.3","0.7","3","36","0","12.0","1","0","4","0.6","9.0","0","0","0","0.0","1","7","0","7.0","0","0","0","0.0"
"https://www.rotowire.com/football/redzonestats.htm?pos=WR&season=2016&range=Year&games=1&tar=0&rush=0","Marquez Bradley","LA","14","3.9","0.3","3","37","0","12.3","0","0","7","2.1","5.3","1","0","0","2.7","1","2","0","2.0","0","0","0","0.0"
"https://www.rotowire.com/football/redzonestats.htm?pos=WR&season=2016&range=Year&games=1&tar=0&rush=0","Thomas Mike","LA","15","3.7","0.2","3","37","0","12.3","0","0","9","2.7","4.1","1","0","0","2.7","0","0","0","0.0","0","0","0","0.0"
"https://www.rotowire.com/football/redzonestats.htm?pos=WR&season=2016&range=Year&games=1&tar=0&rush=0","Greene Rashad","JAC","8","3.2","0.4","5","32","0","6.4","0","0","8","1.4","4.0","1","0","0","1.5","0","0","0","0.0","0","0","0","0.0"
"https://www.rotowire.com/football/redzonestats.htm?pos=WR&season=2016&range=Year&games=1&tar=0&rush=0","Wynn Shane","JAC","5","2.4","0.5","1","19","0","19.0","0","0","3","0.5","6.3","0","0","0","0.0","2","5","0","2.5","0","0","0","0.0"
"https://www.rotowire.com/football/redzonestats.htm?pos=WR&season=2016&range=Year&games=1&tar=0&rush=0","Smelter DeAndre","SF","2","2.3","1.2","1","23","0","23.0","1","0","1","0.2","23.0","0","0","0","0.0","0","0","0","0.0","0","0","0","0.0"
"https://www.rotowire.com/football/redzonestats.htm?pos=WR&season=2016&range=Year&games=1&tar=0&rush=0","Smith Devin","NYJ","4","2.0","0.5","1","20","0","20.0","1","0","3","0.7","6.7","1","0","0","2.0","0","0","0","0.0","0","0","0","0.0"
"https://www.rotowire.com/football/redzonestats.htm?pos=WR&season=2016&range=Year&games=1&tar=0&rush=0","Street Devin","NYJ","5","2.0","0.4","1","20","0","20.0","1","0","6","1.3","3.3","0","0","0","0.0","0","0","0","0.0","0","0","0","0.0"
"https://www.rotowire.com/football/redzonestats.htm?pos=WR&season=2016&range=Year&games=1&tar=0&rush=0","McKissic J.D.","SEA","1","1.8","1.8","2","16","0","8.0","0","0","2","0.4","8.0","0","0","0","0.0","1","2","0","2.0","0","0","0","0.0"
"https://www.rotowire.com/football/redzonestats.htm?pos=WR&season=2016&range=Year&games=1&tar=0&rush=0","Bersin Brenton","CAR","10","1.7","0.2","2","17","0","8.5","0","0","6","1.3","2.8","2","0","0","3.1","0","0","0","0.0","0","0","0","0.0"
"https://www.rotowire.com/football/redzonestats.htm?pos=WR&season=2016&range=Year&games=1&tar=0&rush=0","Byrd Damiere","CAR","1","1.6","1.6","1","16","0","16.0","0","0","1","0.2","16.0","0","0","0","0.0","0","0","0","0.0","0","0","0","0.0"
"https://www.rotowire.com/football/redzonestats.htm?pos=WR&season=2016&range=Year&games=1&tar=0&rush=0","Treadwell Laquon","MIN","9","1.5","0.2","1","15","0","15.0","0","0","3","0.5","5.0","1","0","0","1.1","0","0","0","0.0","0","0","0","0.0"
"https://www.rotowire.com/football/redzonestats.htm?pos=WR&season=2016&range=Year&games=1&tar=0&rush=0","Mariani Marc","TEN","16","1.5","0.1","0","0","0","0.0","0","0","0","0.0","0.0","0","0","0","0.0","1","15","0","15.0","0","0","0","0.0"
"https://www.rotowire.com/football/redzonestats.htm?pos=WR&season=2016&range=Year&games=1&tar=0&rush=0","Butler Jeremy","BUF","4","1.1","0.3","2","11","0","5.5","0","0","2","0.5","5.5","1","0","0","1.9","0","0","0","0.0","0","0","0","0.0"
"https://www.rotowire.com/football/redzonestats.htm?pos=WR&season=2016&range=Year&games=1&tar=0&rush=0","Ross Rashad","BUF","5","0.8","0.2","1","8","0","8.0","0","0","1","0.3","8.0","0","0","0","0.0","0","0","0","0.0","0","0","0","0.0"
"https://www.rotowire.com/football/redzonestats.htm?pos=WR&season=2016&range=Year&games=1&tar=0&rush=0","Abbrederis Jared","DET","5","0.8","0.2","1","8","0","8.0","0","0","2","0.4","4.0","0","0","0","0.0","0","0","0","0.0","0","0","0","0.0"
"https://www.rotowire.com/football/redzonestats.htm?pos=WR&season=2016&range=Year&games=1&tar=0&rush=0","McRoberts Paul","LA","2","0.6","0.3","1","6","0","6.0","0","0","1","0.3","6.0","0","0","0","0.0","0","0","0","0.0","0","0","0","0.0"
"https://www.rotowire.com/football/redzonestats.htm?pos=WR&season=2016&range=Year&games=1&tar=0&rush=0","Slater Matthew","NE","13","0.5","0.0","0","0","0","0.0","0","0","1","0.1","0.0","0","0","0","0.0","1","5","0","5.0","0","0","0","0.0"
"https://www.rotowire.com/football/redzonestats.htm?pos=WR&season=2016&range=Year&games=1&tar=0&rush=0","Payton Jordan","CLE","4","0.3","0.1","1","3","0","3.0","0","0","3","0.7","1.0","0","0","0","0.0","0","0","0","0.0","0","0","0","0.0"
"https://www.rotowire.com/football/redzonestats.htm?pos=WR&season=2016&range=Year&games=1&tar=0&rush=0","Grant Jakeem","MIA","16","0.1","0.0","0","0","0","0.0","0","0","1","0.2","0.0","0","0","0","0.0","1","1","0","1.0","0","0","0","0.0"
"https://www.rotowire.com/football/redzonestats.htm?pos=WR&season=2016&range=Year&games=1&tar=0&rush=0","Braverman Daniel","CHI","3","0.0","0.0","0","0","0","0.0","0","0","2","0.3","0.0","0","0","0","0.0","0","0","0","0.0","0","0","0","0.0"
"https://www.rotowire.com/football/redzonestats.htm?pos=WR&season=2016&range=Year&games=1&tar=0&rush=0","Fruechte Isaac","MIN","1","0.0","0.0","0","0","0","0.0","0","0","1","0.2","0.0","0","0","0","0.0","0","0","0","0.0","0","0","0","0.0"
"https://www.rotowire.com/football/redzonestats.htm?pos=WR&season=2016&range=Year&games=1&tar=0&rush=0","Dye Donteea","TB","1","0.0","0.0","0","0","0","0.0","0","0","0","0.0","0.0","0","0","0","0.0","0","0","0","0.0","0","0","0","0.0"
"https://www.rotowire.com/football/redzonestats.htm?pos=WR&season=2016&range=Year&games=1&tar=0&rush=0","Williams Kasen","SEA","1","0.0","0.0","0","0","0","0.0","0","0","1","0.2","0.0","0","0","0","0.0","0","0","0","0.0","0","0","0","0.0"
"https://www.rotowire.com/football/redzonestats.htm?pos=WR&season=2016&range=Year&games=1&tar=0&rush=0","Davis Geremy","LAC","3","0.0","0.0","0","0","0","0.0","0","0","2","0.4","0.0","1","1","1","1.2","0","0","0","0.0","0","0","0","0.0"
"https://www.rotowire.com/football/redzonestats.htm?pos=WR&season=2016&range=Year&games=1&tar=0&rush=0","Robinson Demarcus","KC","16","0.0","0.0","0","0","0","0.0","0","0","0","0.0","0.0","0","0","0","0.0","0","0","0","0.0","0","0","0","0.0"
"https://www.rotowire.com/football/redzonestats.htm?pos=WR&season=2016&range=Year&games=1&tar=0&rush=0","Scott Rashawn","MIA","2","0.0","0.0","0","0","0","0.0","0","0","0","0.0","0.0","0","0","0","0.0","0","0","0","0.0","0","0","0","0.0"
"https://www.rotowire.com/football/redzonestats.htm?pos=WR&season=2016&range=Year&games=1&tar=0&rush=0","Lampman Jake","NO","6","0.0","0.0","0","0","0","0.0","0","0","0","0.0","0.0","0","0","0","0.0","0","0","0","0.0","0","0","0","0.0"
"https://www.rotowire.com/football/redzonestats.htm?pos=WR&season=2016&range=Year&games=1&tar=0&rush=0","Raymond Kalif","DEN","4","0.0","0.0","0","0","0","0.0","0","0","2","0.4","0.0","0","0","0","0.0","0","0","0","0.0","0","0","0","0.0"
"https://www.rotowire.com/football/redzonestats.htm?pos=WR&season=2016&range=Year&games=1&tar=0&rush=0","Smith Tevaun","IND","2","0.0","0.0","0","0","0","0.0","0","0","0","0.0","0.0","0","0","0","0.0","0","0","0","0.0","0","0","0","0.0"
"https://www.rotowire.com/football/redzonestats.htm?pos=WR&season=2016&range=Year&games=1&tar=0&rush=0","Weems Eric","TEN","16","0.0","0.0","0","0","0","0.0","0","0","0","0.0","0.0","0","0","0","0.0","0","0","0","0.0","0","0","0","0.0"
"https://www.rotowire.com/football/redzonestats.htm?pos=WR&season=2016&range=Year&games=1&tar=0&rush=0","Hunter Justin","PIT","1","0.0","0.0","0","0","0","0.0","3","1","24","4.1","0.0","7","5","3","9.3","0","0","0","0.0","0","0","0","0.0"
"https://www.rotowire.com/football/redzonestats.htm?pos=WR&season=2016&range=Year&games=1&tar=0&rush=0","Ross Jeremy","ARZ","4","0.0","0.0","0","0","0","0.0","0","0","4","0.7","0.0","1","1","1","1.5","0","0","0","0.0","0","0","0","0.0"
"https://www.rotowire.com/football/redzonestats.htm?pos=WR&season=2016&range=Year&games=1&tar=0&rush=0","Martin Keshawn","DET","1","0.0","0.0","0","0","0","0.0","0","0","0","0.0","0.0","0","0","0","0.0","0","0","0","0.0","0","0","0","0.0"
"https://www.rotowire.com/football/redzonestats.htm?pos=WR&season=2016&range=Year&games=1&tar=0&rush=0","Burse Isaiah","LAC","9","0.0","0.0","0","0","0","0.0","0","0","4","0.7","0.0","1","0","0","1.2","0","0","0","0.0","0","0","0","0.0"
"https://www.rotowire.com/football/redzonestats.htm?pos=WR&season=2016&range=Year&games=1&tar=0&rush=0","Alford Mario","CLE","3","0.0","0.0","0","0","0","0.0","0","0","0","0.0","0.0","0","0","0","0.0","0","0","0","0.0","0","0","0","0.0"
"https://www.rotowire.com/football/redzonestats.htm?pos=WR&season=2016&range=Year&games=1&tar=0&rush=0","McBride Tre","TEN","2","0.0","0.0","0","0","0","0.0","0","0","0","0.0","0.0","0","0","0","0.0","0","0","0","0.0","0","0","0","0.0"
"https://www.rotowire.com/football/redzonestats.htm?pos=WR&season=2016&range=Year&games=1&tar=0&rush=0","Lewis Dezmin","BUF","1","0.0","0.0","0","0","0","0.0","0","0","1","0.3","0.0","0","0","0","0.0","0","0","0","0.0","0","0","0","0.0"
