PLAYER,TEAM,PLAYS,FPTS,GP,FPTS/G,RUSH,RUSHYD,RUSHTD,PASSATT,CMP,PASSYDS,PASSTD,FUM,INT
"Joe Webb","CAR","3","0","14","0.00","0","0","0","0","0","0","0","0","0"
"Brock Osweiler","HOU","541","233","15","15.53","30","131","2","510","301","2957","15","1","16"
"Matt Moore","MIA","88","68","5","13.59","1","-1","0","87","55","721","8","0","3"
"Dak Prescott","DAL","516","340","16","21.22","57","282","6","459","311","3667","23","4","4"
"Russell Wilson","SEA","620","327","16","20.43","72","259","1","546","353","4219","21","2","11"
"Drew Stanton","ARI","51","17","5","3.46","3","-3","0","48","19","192","2","0","3"
"Josh McCown","CLE","172","81","5","16.22","7","21","0","165","90","1100","6","5","6"
"Trevone Boykin","SEA","26","11","6","1.89","8","1","0","18","13","145","1","0","1"
"Sam Bradford","MIN","573","279","15","18.61","20","53","0","552","395","3877","20","5","5"
"Matt Ryan","ATL","569","411","16","25.68","35","117","0","534","373","4944","38","2","7"
"Kirk Cousins","WAS","640","379","16","23.72","34","96","4","606","406","4917","25","3","12"
"Carson Palmer","ARI","611","319","15","21.30","14","38","0","597","364","4233","26","4","14"
"Ryan Mallett","BAL","11","1","4","0.17","5","-6","0","6","3","26","0","0","1"
"Kevin Hogan","CLE","34","22","4","5.42","8","105","1","26","14","104","0","0","2"
"Tom Brady","NE","460","296","12","24.68","28","64","0","432","291","3554","28","0","2"
"Bryce Petty","NYJ","138","54","6","9.06","5","19","0","133","75","809","3","1","7"
"Mike Glennon","TB","11","8","2","3.88","0","0","0","11","10","75","1","0","0"
"Robert Griffin III","CLE","178","83","5","16.66","31","190","2","147","87","886","2","1","3"
"Kellen Clemens","LAC","3","-0","12","-0.01","2","-1","0","1","0","0","0","0","0"
"Brian Hoyer","CHI","207","96","6","16.01","7","-2","0","200","134","1445","6","1","0"
"Drew Brees","NO","696","422","16","26.40","23","20","2","673","471","5208","37","4","15"
"Marcus Mariota","TEN","512","322","15","21.48","60","349","2","451","276","3426","26","5","9"
"Derek Anderson","CAR","54","31","5","6.21","1","4","0","53","36","453","2","1","5"
"Tony Romo","DAL","4","5","1","5.45","0","0","0","4","3","29","1","0","0"
"Shaun Hill","MIN","40","13","3","4.20","5","5","0","35","19","242","0","0","0"
"Jared Goff","LAR","213","82","8","10.26","8","16","1","205","112","1089","5","2","7"
"Matt Schaub","ATL","5","1","5","0.12","2","-2","0","3","1","16","0","0","0"
"Mark Sanchez","DAL","22","4","2","2.23","4","-2","0","18","10","93","0","0","2"
"Derek Carr","OAK","599","316","15","21.06","39","70","0","560","357","3937","28","3","6"
"Colin Kaepernick","SF","400","235","12","19.57","69","468","2","331","196","2241","16","3","4"
"Connor Cook","OAK","21","12","1","11.50","0","0","0","21","14","150","1","1","1"
"Landry Jones","PIT","92","44","8","5.44","6","-4","0","86","53","558","4","0","2"
"Jimmy Garoppolo","NE","74","42","6","6.95","10","6","0","63","43","502","4","1","0"
"Trevor Siemian","DEN","514","248","14","17.70","28","57","0","486","289","3401","18","2","10"
"Aaron Rodgers","GB","677","442","16","27.64","67","369","4","610","401","4428","40","4","7"
"Ben Roethlisberger","PIT","525","314","14","22.45","16","14","1","509","328","3819","29","2","13"
"Jay Cutler","CHI","142","71","5","14.27","5","24","0","137","81","1059","4","2","5"
"Matthew Stafford","DET","632","345","16","21.57","37","207","2","594","388","4327","24","2","10"
"Alex Smith","KC","538","278","15","18.57","48","134","5","489","328","3502","15","4","8"
"Matt Barkley","CHI","224","113","7","16.11","7","2","0","216","129","1611","8","2","14"
"Cody Kessler","CLE","206","95","9","10.53","11","18","0","195","128","1380","6","1","2"
"EJ Manuel","BUF","35","9","7","1.25","8","22","0","27","11","131","0","1","0"
"Ryan Fitzpatrick","NYJ","436","196","14","14.04","33","130","0","403","228","2710","12","1","17"
"Jameis Winston","TB","620","339","16","21.19","53","165","1","567","345","4090","28","6","18"
"Nick Foles","KC","59","32","3","10.70","4","-4","0","55","36","410","3","0","0"
"Scott Tolzien","IND","43","15","3","5.03","6","3","0","37","23","216","1","0","2"
"David Fales","CHI","6","1","1","1.10","1","0","0","5","2","22","0","0","0"
"Geno Smith","NYJ","16","11","3","3.73","2","9","0","14","8","126","1","0","1"
"Philip Rivers","LAC","592","355","16","22.18","14","35","0","578","349","4386","33","5","21"
"Andrew Luck","IND","609","382","15","25.47","64","341","2","545","346","4240","31","5","13"
"Carson Wentz","PHI","654","280","16","17.51","46","150","2","607","379","3782","16","3","14"
"Sean Mannion","LAR","7","1","1","0.85","1","-1","0","6","3","19","0","0","1"
"Matt Cassel","TEN","55","22","4","5.62","4","3","0","51","30","284","2","0","2"
"Paxton Lynch","DEN","94","35","3","11.78","11","25","0","83","49","497","2","0","1"
"Joe Flacco","BAL","693","314","16","19.60","21","58","2","672","436","4317","20","3","15"
"Tom Savage","HOU","79","24","3","8.08","6","12","0","73","46","461","0","1","0"
"Brett Hundley","GB","13","1","4","0.16","3","-2","0","10","2","17","0","0","1"
"Charlie Whitehurst","CLE","26","13","1","13.20","2","1","0","24","14","182","1","0","1"
"Tyrod Taylor","BUF","531","313","15","20.88","95","580","6","436","269","3023","17","2","6"
"Blaine Gabbert","SF","201","96","6","15.93","40","173","2","160","91","925","5","0","6"
"Eli Manning","NYG","619","304","16","19.03","21","-9","0","598","377","4027","26","4","16"
"Jacoby Brissett","NE","71","34","3","11.43","16","83","1","55","34","400","0","1","0"
"Ryan Tannehill","MIA","428","248","13","19.09","39","164","1","389","261","2995","19","3","12"
"Cam Newton","CAR","600","317","15","21.16","90","359","5","510","270","3509","19","2","14"
"Chase Daniel","PHI","1","1","2","0.40","0","0","0","1","1","16","0","0","0"
"Cardale Jones","BUF","12","5","1","4.70","1","-1","0","11","6","96","0","0","1"
"Blake Bortles","JAC","684","341","16","21.32","58","359","3","625","368","3905","23","6","16"
"Chad Henne","JAC","1","-0","1","-0.20","1","-2","0","0","0","0","0","0","0"
"Andy Dalton","CIN","609","325","16","20.29","46","184","4","563","364","4206","18","3","8"
"Case Keenum","LAR","342","157","10","15.71","20","51","1","322","196","2201","9","1","11"
"Matt McGloin","OAK","18","2","4","0.55","3","-3","0","15","8","50","0","0","0"
